{
    "(finrisk, age, MG, 0)": 12.9826275251222,
    "(finrisk, age, MG, 1)": 12.982532006554512,
    "(finrisk, age, MG, 2)": 12.98256602827878,
    "(finrisk, age, MG, 3)": 12.982506284800023,
    "(finrisk, age, MG, 4)": 12.985819328357218,
    "(finrisk, age, MG, 5)": 12.982333744933946,
    "(finrisk, age, MG, 6)": 12.982583534350121,
    "(finrisk, age, MG, 7)": 12.982689402100606,
    "(finrisk, age, MG, 8)": 12.98249272389514,
    "(finrisk, age, MG, 9)": 12.985951640203048,
    "(finrisk, age, MG, 10)": 12.982315913042434,
    "(finrisk, age, MG, 11)": 12.982581323331077,
    "(finrisk, age, MG, 12)": 12.98252145017817,
    "(finrisk, age, MG, 13)": 12.982676309207388,
    "(finrisk, age, MG, 14)": 12.985956098363527,
    "(finrisk, age, 16S, 0)": 12.98578125329406,
    "(finrisk, age, 16S, 1)": 12.985686181796467,
    "(finrisk, age, 16S, 2)": 12.98546240328747,
    "(finrisk, age, 16S, 3)": 12.98583690302002,
    "(finrisk, age, 16S, 4)": 12.985686841649162,
    "(finrisk, age, 16S, 5)": 12.985716406685995,
    "(finrisk, age, 16S, 6)": 12.98578773697311,
    "(finrisk, age, 16S, 7)": 12.98566257483271,
    "(finrisk, age, 16S, 8)": 12.985587155571201,
    "(finrisk, age, 16S, 9)": 12.98569970856457,
    "(finrisk, age, 16S, 10)": 12.98592412658896,
    "(finrisk, age, 16S, 11)": 12.985687908769238,
    "(finrisk, age, 16S, 12)": 12.985555262396629,
    "(finrisk, age, 16S, 13)": 12.985676880868056,
    "(finrisk, age, 16S, 14)": 12.985609405420849,
    "(finrisk, bmi, MG, 0)": 4.682214366569588,
    "(finrisk, bmi, MG, 1)": 4.676579307986954,
    "(finrisk, bmi, MG, 2)": 4.692806265785838,
    "(finrisk, bmi, MG, 3)": 4.696577987507856,
    "(finrisk, bmi, MG, 4)": 4.696606471432095,
    "(finrisk, bmi, MG, 5)": 4.6794808295979875,
    "(finrisk, bmi, MG, 6)": 4.682228121493641,
    "(finrisk, bmi, MG, 7)": 4.697057579039806,
    "(finrisk, bmi, MG, 8)": 4.693020552257069,
    "(finrisk, bmi, MG, 9)": 4.693008394895705,
    "(finrisk, bmi, MG, 10)": 4.680153300821518,
    "(finrisk, bmi, MG, 11)": 4.675996568035247,
    "(finrisk, bmi, MG, 12)": 4.696183716026131,
    "(finrisk, bmi, MG, 13)": 4.694391054557875,
    "(finrisk, bmi, MG, 14)": 4.698049776717651,
    "(finrisk, bmi, 16S, 0)": 4.681842770300523,
    "(finrisk, bmi, 16S, 1)": 4.682336010820684,
    "(finrisk, bmi, 16S, 2)": 4.682213594108639,
    "(finrisk, bmi, 16S, 3)": 4.697854454197586,
    "(finrisk, bmi, 16S, 4)": 4.695628053045195,
    "(finrisk, bmi, 16S, 5)": 4.682726855015313,
    "(finrisk, bmi, 16S, 6)": 4.681361197373447,
    "(finrisk, bmi, 16S, 7)": 4.676944970011521,
    "(finrisk, bmi, 16S, 8)": 4.697977722321684,
    "(finrisk, bmi, 16S, 9)": 4.700840442607696,
    "(finrisk, bmi, 16S, 10)": 4.683564985444482,
    "(finrisk, bmi, 16S, 11)": 4.677478038676549,
    "(finrisk, bmi, 16S, 12)": 4.680688516021995,
    "(finrisk, bmi, 16S, 13)": 4.698627843759219,
    "(finrisk, bmi, 16S, 14)": 4.699495511582349,
    "(sol, age, MG, 0)": 11.135501011321766,
    "(sol, age, MG, 1)": 11.122495980405999,
    "(sol, age, MG, 2)": 11.134580206637287,
    "(sol, age, MG, 3)": 11.120751803667833,
    "(sol, age, MG, 4)": 11.149482309596292,
    "(sol, age, MG, 5)": 11.129950334494847,
    "(sol, age, MG, 6)": 11.12378745367596,
    "(sol, age, MG, 7)": 11.129860047501271,
    "(sol, age, MG, 8)": 11.129552990688092,
    "(sol, age, MG, 9)": 11.149659788261223,
    "(sol, age, MG, 10)": 11.130002768613506,
    "(sol, age, MG, 11)": 11.132406917404257,
    "(sol, age, MG, 12)": 11.13359761884773,
    "(sol, age, MG, 13)": 11.120557014740713,
    "(sol, age, MG, 14)": 11.146253398507923,
    "(sol, age, 16S, 0)": 11.133709826987765,
    "(sol, age, 16S, 1)": 11.128717740685392,
    "(sol, age, 16S, 2)": 11.119586361849633,
    "(sol, age, 16S, 3)": 11.129031652769795,
    "(sol, age, 16S, 4)": 11.14348453818378,
    "(sol, age, 16S, 5)": 11.121284327536962,
    "(sol, age, 16S, 6)": 11.130557775685734,
    "(sol, age, 16S, 7)": 11.130769046274438,
    "(sol, age, 16S, 8)": 11.123477739810577,
    "(sol, age, 16S, 9)": 11.148424064890731,
    "(sol, age, 16S, 10)": 11.132551900745748,
    "(sol, age, 16S, 11)": 11.12409130600973,
    "(sol, age, 16S, 12)": 11.12196869665777,
    "(sol, age, 16S, 13)": 11.131412574913423,
    "(sol, age, 16S, 14)": 11.144511586508083,
    "(sol, bmi, MG, 0)": 5.715062032590692,
    "(sol, bmi, MG, 1)": 5.818433386218504,
    "(sol, bmi, MG, 2)": 5.768590955590746,
    "(sol, bmi, MG, 3)": 5.781636359964631,
    "(sol, bmi, MG, 4)": 5.8487146861117205,
    "(sol, bmi, MG, 5)": 5.813835194595688,
    "(sol, bmi, MG, 6)": 5.762351489620089,
    "(sol, bmi, MG, 7)": 5.723725912850543,
    "(sol, bmi, MG, 8)": 5.785749236495113,
    "(sol, bmi, MG, 9)": 5.84691045085093,
    "(sol, bmi, MG, 10)": 5.768634564256889,
    "(sol, bmi, MG, 11)": 5.716167561332065,
    "(sol, bmi, MG, 12)": 5.808179199174931,
    "(sol, bmi, MG, 13)": 5.785561817106603,
    "(sol, bmi, MG, 14)": 5.853886401686518,
    "(sol, bmi, 16S, 0)": 5.827168321783013,
    "(sol, bmi, 16S, 1)": 5.717422342513047,
    "(sol, bmi, 16S, 2)": 5.800715156138594,
    "(sol, bmi, 16S, 3)": 5.7718756508160185,
    "(sol, bmi, 16S, 4)": 5.822537879076699,
    "(sol, bmi, 16S, 5)": 5.7720056261832715,
    "(sol, bmi, 16S, 6)": 5.790890541899475,
    "(sol, bmi, 16S, 7)": 5.726704811813457,
    "(sol, bmi, 16S, 8)": 5.827293704587623,
    "(sol, bmi, 16S, 9)": 5.822941791434101,
    "(sol, bmi, 16S, 10)": 5.770839565961375,
    "(sol, bmi, 16S, 11)": 5.822298244193875,
    "(sol, bmi, 16S, 12)": 5.793847498227996,
    "(sol, bmi, 16S, 13)": 5.82513810551622,
    "(sol, bmi, 16S, 14)": 5.727733959341196,
    "(imsms, age, MG, 0)": 12.535428924018237,
    "(imsms, age, MG, 1)": 12.550923736500975,
    "(imsms, age, MG, 2)": 12.561221969727066,
    "(imsms, age, MG, 3)": 12.549109438841473,
    "(imsms, age, MG, 4)": 12.557593285176084,
    "(imsms, age, MG, 5)": 12.540117597506635,
    "(imsms, age, MG, 6)": 12.547734232955806,
    "(imsms, age, MG, 7)": 12.558286993831535,
    "(imsms, age, MG, 8)": 12.549479088564814,
    "(imsms, age, MG, 9)": 12.558667251336322,
    "(imsms, age, MG, 10)": 12.55267960215503,
    "(imsms, age, MG, 11)": 12.556912603018178,
    "(imsms, age, MG, 12)": 12.548307210144719,
    "(imsms, age, MG, 13)": 12.538754441591255,
    "(imsms, age, MG, 14)": 12.557628439450248,
    "(imsms, age, 16S, 0)": 12.573188486650599,
    "(imsms, age, 16S, 1)": 12.57203339487892,
    "(imsms, age, 16S, 2)": 12.588313082396098,
    "(imsms, age, 16S, 3)": 12.608641593338422,
    "(imsms, age, 16S, 4)": 12.612219862746121,
    "(imsms, age, 16S, 5)": 12.567666392651732,
    "(imsms, age, 16S, 6)": 12.568137672463848,
    "(imsms, age, 16S, 7)": 12.610035912094867,
    "(imsms, age, 16S, 8)": 12.593712043350498,
    "(imsms, age, 16S, 9)": 12.614825795958888,
    "(imsms, age, 16S, 10)": 12.557132802517755,
    "(imsms, age, 16S, 11)": 12.571052462098022,
    "(imsms, age, 16S, 12)": 12.606598711434616,
    "(imsms, age, 16S, 13)": 12.611807247418604,
    "(imsms, age, 16S, 14)": 12.607753424488056,
    "(imsms, bmi, MG, 0)": 5.26528514969258,
    "(imsms, bmi, MG, 1)": 5.154805126359003,
    "(imsms, bmi, MG, 2)": 5.314515210386429,
    "(imsms, bmi, MG, 3)": 5.346027502230803,
    "(imsms, bmi, MG, 4)": 5.3418870852933695,
    "(imsms, bmi, MG, 5)": 5.262854055180792,
    "(imsms, bmi, MG, 6)": 5.177625119045234,
    "(imsms, bmi, MG, 7)": 5.330208535820811,
    "(imsms, bmi, MG, 8)": 5.3051590550887955,
    "(imsms, bmi, MG, 9)": 5.347373751617994,
    "(imsms, bmi, MG, 10)": 5.23496289140269,
    "(imsms, bmi, MG, 11)": 5.180720054849961,
    "(imsms, bmi, MG, 12)": 5.30724635009869,
    "(imsms, bmi, MG, 13)": 5.341450570148071,
    "(imsms, bmi, MG, 14)": 5.358381711420973,
    "(imsms, bmi, 16S, 0)": 5.294613274893369,
    "(imsms, bmi, 16S, 1)": 5.202675632435732,
    "(imsms, bmi, 16S, 2)": 5.3018734372917,
    "(imsms, bmi, 16S, 3)": 5.318964754606207,